Nomor per tahun,Kode Prov,Nama Provinsi,Kode Kab/Kota,Nama Kabupaten,Tipe,Tahun,IKP,PERINGKAT KAB/KOTA,KELOMPOK IKP
1,11,Aceh,1109,Simeulue,Kabupaten,2024,77.54,292,6
2,11,Aceh,1110,Aceh Singkil,Kabupaten,2024,46.10,487,2
3,11,Aceh,1101,Aceh Selatan,Kabupaten,2024,73.84,353,5
4,11,Aceh,1102,Aceh Tenggara,Kabupaten,2024,76.87,306,6
5,11,Aceh,1103,Aceh Timur,Kabupaten,2024,77.19,296,6
6,11,Aceh,1104,Aceh Tengah,Kabupaten,2024,69.08,401,5
7,11,Aceh,1105,Aceh Barat,Kabupaten,2024,78.27,281,6
8,11,Aceh,1106,Aceh Besar,Kabupaten,2024,84.72,127,6
9,11,Aceh,1107,Pidie,Kabupaten,2024,76.69,309,6
10,11,Aceh,1111,Bireuen,Kabupaten,2024,80.83,214,6
11,11,Aceh,1108,Aceh Utara,Kabupaten,2024,77.12,299,6
12,11,Aceh,1112,Aceh Barat Daya,Kabupaten,2024,78.05,285,6
13,11,Aceh,1113,Gayo Lues,Kabupaten,2024,77.06,301,6
14,11,Aceh,1116,Aceh Tamiang,Kabupaten,2024,81.16,206,6
15,11,Aceh,1115,Nagan Raya,Kabupaten,2024,76.60,313,6
16,11,Aceh,1114,Aceh Jaya,Kabupaten,2024,79.69,243,6
17,11,Aceh,1117,Bener Meriah,Kabupaten,2024,46.98,485,2
18,11,Aceh,1118,Pidie Jaya,Kabupaten,2024,78.95,261,6
19,12,Sumatera Utara,1204,Nias,Kabupaten,2024,72.41,373,5
20,12,Sumatera Utara,1213,Mandailing Natal,Kabupaten,2024,70.54,392,5
21,12,Sumatera Utara,1203,Tapanuli Selatan,Kabupaten,2024,77.29,294,6
22,12,Sumatera Utara,1201,Tapanuli Tengah,Kabupaten,2024,73.81,354,5
23,12,Sumatera Utara,1202,Tapanuli Utara,Kabupaten,2024,78.14,283,6
24,12,Sumatera Utara,1212,Toba Samosir,Kabupaten,2024,84.33,136,6
25,12,Sumatera Utara,1210,Labuhan Batu,Kabupaten,2024,76.96,303,6
26,12,Sumatera Utara,1209,Asahan,Kabupaten,2024,76.65,311,6
27,12,Sumatera Utara,1208,Simalungun,Kabupaten,2024,82.42,177,6
28,12,Sumatera Utara,1211,Dairi,Kabupaten,2024,82.50,175,6
29,12,Sumatera Utara,1206,Karo,Kabupaten,2024,82.28,179,6
30,12,Sumatera Utara,1207,Deli Serdang,Kabupaten,2024,86.20,94,6
31,12,Sumatera Utara,1205,Langkat,Kabupaten,2024,79.92,240,6
32,12,Sumatera Utara,1214,Nias Selatan,Kabupaten,2024,65.87,421,4
33,12,Sumatera Utara,1216,Humbang Hasundutan,Kabupaten,2024,81.16,207,6
34,12,Sumatera Utara,1215,Pakpak Bharat,Kabupaten,2024,75.32,334,5
35,12,Sumatera Utara,1217,Samosir,Kabupaten,2024,80.35,223,6
36,12,Sumatera Utara,1218,Serdang Bedagai,Kabupaten,2024,85.35,114,6
37,12,Sumatera Utara,1219,Batu Bara,Kabupaten,2024,78.37,277,6
38,12,Sumatera Utara,1220,Padang Lawas Utara,Kabupaten,2024,75.14,338,5
39,12,Sumatera Utara,1221,Padang Lawas,Kabupaten,2024,76.75,308,6
40,12,Sumatera Utara,1222,Labuhan Batu Selatan,Kabupaten,2024,57.85,457,3
41,12,Sumatera Utara,1223,Labuhan Batu Utara,Kabupaten,2024,80.30,227,6
42,12,Sumatera Utara,1224,Nias Utara,Kabupaten,2024,73.17,362,5
43,12,Sumatera Utara,1225,Nias Barat,Kabupaten,2024,65.35,425,4
44,13,Sumatera Barat,1309,Kepulauan Mentawai,Kabupaten,2024,53.86,467,3
45,13,Sumatera Barat,1301,Pesisir Selatan,Kabupaten,2024,86.71,82,6
46,13,Sumatera Barat,1302,Solok ka,Kabupaten,2024,82.56,174,6
47,13,Sumatera Barat,1303,Sijunjung,Kabupaten,2024,82.05,182,6
48,13,Sumatera Barat,1304,Tanah Datar,Kabupaten,2024,89.40,32,6
49,13,Sumatera Barat,1305,Padang Pariaman,Kabupaten,2024,85.08,119,6
50,13,Sumatera Barat,1306,Agam,Kabupaten,2024,86.92,79,6
51,13,Sumatera Barat,1307,Lima puluh Kota,Kabupaten,2024,82.59,172,6
52,13,Sumatera Barat,1308,Pasaman,Kabupaten,2024,82.09,181,6
53,13,Sumatera Barat,1311,Solok Selatan,Kabupaten,2024,85.60,110,6
54,13,Sumatera Barat,1310,Dharmasraya,Kabupaten,2024,84.98,120,6
55,13,Sumatera Barat,1312,Pasaman Barat,Kabupaten,2024,80.91,211,6
56,14,Riau,1409,Kuantan Singingi,Kabupaten,2024,73.80,356,5
57,14,Riau,1402,Indragiri Hulu,Kabupaten,2024,60.71,444,4
58,14,Riau,1404,Indragiri Hilir,Kabupaten,2024,69.30,400,5
59,14,Riau,1405,Pelalawan,Kabupaten,2024,71.59,382,5
60,14,Riau,1408,Siak,Kabupaten,2024,77.06,300,6
61,14,Riau,1401,Kampar,Kabupaten,2024,59.69,450,4
62,14,Riau,1406,Rokan Hulu,Kabupaten,2024,58.88,455,3
63,14,Riau,1403,Bengkalis,Kabupaten,2024,65.75,423,4
64,14,Riau,1407,Rokan Hilir,Kabupaten,2024,68.67,403,5
65,14,Riau,1410,Kepulauan Meranti,Kabupaten,2024,71.15,388,5
66,15,Jambi,1501,Kerinci,Kabupaten,2024,83.76,146,6
67,15,Jambi,1502,Merangin,Kabupaten,2024,75.01,339,5
68,15,Jambi,1503,Sarolangun,Kabupaten,2024,65.64,424,4
69,15,Jambi,1504,Batang Hari,Kabupaten,2024,74.13,349,5
70,15,Jambi,1505,Muaro Jambi,Kabupaten,2024,68.51,405,5
71,15,Jambi,1507,Tanjung Jabung Timur,Kabupaten,2024,69.99,398,5
72,15,Jambi,1506,Tanjung Jabung Barat,Kabupaten,2024,69.60,399,5
73,15,Jambi,1509,Tebo,Kabupaten,2024,71.36,383,5
74,15,Jambi,1508,Bungo,Kabupaten,2024,73.39,359,5
75,16,Sumatera Selatan,1601,Ogan Komering Ulu,Kabupaten,2024,73.01,365,5
76,16,Sumatera Selatan,1602,Ogan Komering Ilir,Kabupaten,2024,79.54,248,6
77,16,Sumatera Selatan,1603,Muara Enim,Kabupaten,2024,75.62,330,5
78,16,Sumatera Selatan,1604,Lahat,Kabupaten,2024,75.19,337,5
79,16,Sumatera Selatan,1605,Musi Rawas,Kabupaten,2024,77.66,289,6
80,16,Sumatera Selatan,1606,Musi Banyuasin,Kabupaten,2024,79.48,251,6
81,16,Sumatera Selatan,1607,Banyuasin,Kabupaten,2024,79.17,255,6
82,16,Sumatera Selatan,1609,Ogan Komering Ulu Selatan,Kabupaten,2024,75.37,332,5
83,16,Sumatera Selatan,1608,Ogan Komering Ulu Timur,Kabupaten,2024,85.17,117,6
84,16,Sumatera Selatan,1610,Ogan Ilir,Kabupaten,2024,77.55,291,6
85,16,Sumatera Selatan,1611,Empat Lawang,Kabupaten,2024,67.42,409,4
86,16,Sumatera Selatan,1612,Penukal Abab Lematang Ilir,Kabupaten,2024,78.79,268,6
87,16,Sumatera Selatan,1613,Musi Rawas Utara,Kabupaten,2024,59.58,451,3
88,17,Bengkulu,1701,Bengkulu Selatan,Kabupaten,2024,74.91,341,5
89,17,Bengkulu,1702,Rejang Lebong,Kabupaten,2024,73.11,363,5
90,17,Bengkulu,1703,Bengkulu Utara,Kabupaten,2024,72.62,369,5
91,17,Bengkulu,1704,Kaur,Kabupaten,2024,74.75,342,5
92,17,Bengkulu,1705,Seluma,Kabupaten,2024,71.61,381,5
93,17,Bengkulu,1706,Mukomuko,Kabupaten,2024,76.57,314,6
94,17,Bengkulu,1707,Lebong,Kabupaten,2024,77.06,302,6
95,17,Bengkulu,1708,Kepahiang,Kabupaten,2024,72.43,372,5
96,17,Bengkulu,1709,Bengkulu Tengah,Kabupaten,2024,62.14,436,4
97,18,Lampung,1804,Lampung Barat,Kabupaten,2024,76.18,319,6
98,18,Lampung,1806,Tanggamus,Kabupaten,2024,76.40,316,6
99,18,Lampung,1801,Lampung Selatan,Kabupaten,2024,84.46,134,6
100,18,Lampung,1807,Lampung Timur,Kabupaten,2024,85.22,116,6
101,18,Lampung,1802,Lampung Tengah,Kabupaten,2024,84.93,121,6
102,18,Lampung,1803,Lampung Utara,Kabupaten,2024,76.82,307,6
103,18,Lampung,1808,Way Kanan,Kabupaten,2024,79.61,246,6
104,18,Lampung,1805,Tulang Bawang,Kabupaten,2024,88.78,41,6
105,18,Lampung,1809,Pesawaran,Kabupaten,2024,80.85,213,6
106,18,Lampung,1810,Pringsewu,Kabupaten,2024,87.35,70,6
107,18,Lampung,1811,Mesuji,Kabupaten,2024,88.18,50,6
108,18,Lampung,1812,Tulang Bawang Barat,Kabupaten,2024,83.74,147,6
109,18,Lampung,1813,Pesisir Barat,Kabupaten,2024,75.77,326,6
110,19,Kepulauan Bangka Belitung,1901,Bangka,Kabupaten,2024,74.35,347,5
111,19,Kepulauan Bangka Belitung,1902,Belitung,Kabupaten,2024,62.34,433,4
112,19,Kepulauan Bangka Belitung,1905,Bangka Barat,Kabupaten,2024,60.25,449,4
113,19,Kepulauan Bangka Belitung,1904,Bangka Tengah,Kabupaten,2024,60.38,448,4
114,19,Kepulauan Bangka Belitung,1903,Bangka Selatan,Kabupaten,2024,84.87,124,6
115,19,Kepulauan Bangka Belitung,1906,Belitung Timur,Kabupaten,2024,62.02,437,4
116,21,Kepulauan Riau,2102,Karimun,Kabupaten,2024,62.68,430,4
117,21,Kepulauan Riau,2101,Bintan,Kabupaten,2024,60.42,447,4
118,21,Kepulauan Riau,2103,Natuna,Kabupaten,2024,60.51,445,4
119,21,Kepulauan Riau,2104,Lingga,Kabupaten,2024,53.02,471,3
120,21,Kepulauan Riau,2105,Kepulauan Anambas,Kabupaten,2024,55.34,463,3
121,31,DKI Jakarta,3101,Kepulauan Seribu,Kabupaten,2024,58.05,456,3
122,32,Jawa Barat,3201,Bogor Ka,Kabupaten,2024,70.01,397,5
123,32,Jawa Barat,3202,Sukabumi ka,Kabupaten,2024,78.59,272,6
124,32,Jawa Barat,3203,Cianjur,Kabupaten,2024,80.60,220,6
125,32,Jawa Barat,3204,Bandung Ka,Kabupaten,2024,80.63,219,6
126,32,Jawa Barat,3205,Garut,Kabupaten,2024,78.99,258,6
127,32,Jawa Barat,3206,Tasikmalaya ka,Kabupaten,2024,78.47,274,6
128,32,Jawa Barat,3207,Ciamis,Kabupaten,2024,83.20,157,6
129,32,Jawa Barat,3208,Kuningan,Kabupaten,2024,81.43,194,6
130,32,Jawa Barat,3209,Cirebon Ka,Kabupaten,2024,82.77,167,6
131,32,Jawa Barat,3210,Majalengka,Kabupaten,2024,82.58,173,6
132,32,Jawa Barat,3211,Sumedang,Kabupaten,2024,86.88,80,6
133,32,Jawa Barat,3212,Indramayu,Kabupaten,2024,86.52,86,6
134,32,Jawa Barat,3213,Subang,Kabupaten,2024,85.65,107,6
135,32,Jawa Barat,3214,Purwakarta,Kabupaten,2024,80.19,233,6
136,32,Jawa Barat,3215,Karawang,Kabupaten,2024,89.04,36,6
137,32,Jawa Barat,3216,Bekasi Ka,Kabupaten,2024,87.48,66,6
138,32,Jawa Barat,3217,Bandung Barat,Kabupaten,2024,75.79,325,6
139,32,Jawa Barat,3218,Pangandaran,Kabupaten,2024,83.86,144,6
140,33,Jawa Tengah,3301,Cilacap,Kabupaten,2024,84.69,128,6
141,33,Jawa Tengah,3302,Banyumas,Kabupaten,2024,80.74,216,6
142,33,Jawa Tengah,3303,Purbalingga,Kabupaten,2024,78.47,275,6
143,33,Jawa Tengah,3304,Banjarnegara,Kabupaten,2024,79.40,252,6
144,33,Jawa Tengah,3305,Kebumen,Kabupaten,2024,81.21,202,6
145,33,Jawa Tengah,3306,Purworejo,Kabupaten,2024,86.22,93,6
146,33,Jawa Tengah,3307,Wonosobo,Kabupaten,2024,77.87,288,6
147,33,Jawa Tengah,3308,Magelang ka,Kabupaten,2024,80.20,232,6
148,33,Jawa Tengah,3309,Boyolali,Kabupaten,2024,87.70,58,6
149,33,Jawa Tengah,3310,Klaten,Kabupaten,2024,85.64,108,6
150,33,Jawa Tengah,3311,Sukoharjo,Kabupaten,2024,90.93,19,6
151,33,Jawa Tengah,3312,Wonogiri,Kabupaten,2024,88.91,37,6
152,33,Jawa Tengah,3313,Karanganyar,Kabupaten,2024,89.67,29,6
153,33,Jawa Tengah,3314,Sragen,Kabupaten,2024,89.37,33,6
154,33,Jawa Tengah,3315,Grobogan,Kabupaten,2024,87.29,72,6
155,33,Jawa Tengah,3316,Blora,Kabupaten,2024,88.53,47,6
156,33,Jawa Tengah,3317,Rembang,Kabupaten,2024,86.85,81,6
157,33,Jawa Tengah,3318,Pati,Kabupaten,2024,90.88,21,6
158,33,Jawa Tengah,3319,Kudus,Kabupaten,2024,88.81,40,6
159,33,Jawa Tengah,3320,Jepara,Kabupaten,2024,87.00,77,6
160,33,Jawa Tengah,3321,Demak,Kabupaten,2024,90.47,23,6
161,33,Jawa Tengah,3322,Semarang ka,Kabupaten,2024,85.57,111,6
162,33,Jawa Tengah,3323,Temanggung,Kabupaten,2024,78.91,263,6
163,33,Jawa Tengah,3324,Kendal,Kabupaten,2024,84.83,125,6
164,33,Jawa Tengah,3325,Batang,Kabupaten,2024,84.77,126,6
165,33,Jawa Tengah,3326,Pekalongan ka,Kabupaten,2024,80.65,218,6
166,33,Jawa Tengah,3327,Pemalang,Kabupaten,2024,81.81,187,6
167,33,Jawa Tengah,3328,Tegal ka,Kabupaten,2024,83.71,150,6
168,33,Jawa Tengah,3329,Brebes,Kabupaten,2024,78.79,267,6
169,34,DI Yogyakarta,3401,Kulon Progo,Kabupaten,2024,85.73,104,6
170,34,DI Yogyakarta,3402,Bantul,Kabupaten,2024,82.92,165,6
171,34,DI Yogyakarta,3403,Gunung Kidul,Kabupaten,2024,82.97,163,6
172,34,DI Yogyakarta,3404,Sleman,Kabupaten,2024,84.91,122,6
173,35,Jawa Timur,3501,Pacitan,Kabupaten,2024,82.94,164,6
174,35,Jawa Timur,3502,Ponorogo,Kabupaten,2024,88.74,43,6
175,35,Jawa Timur,3503,Trenggalek,Kabupaten,2024,83.17,159,6
176,35,Jawa Timur,3504,Tulungagung,Kabupaten,2024,87.35,69,6
177,35,Jawa Timur,3505,Blitar ka,Kabupaten,2024,86.43,89,6
178,35,Jawa Timur,3506,Kediri ka,Kabupaten,2024,81.19,204,6
179,35,Jawa Timur,3507,Malang ka,Kabupaten,2024,81.09,208,6
180,35,Jawa Timur,3508,Lumajang,Kabupaten,2024,79.58,247,6
181,35,Jawa Timur,3509,Jember,Kabupaten,2024,78.97,259,6
182,35,Jawa Timur,3510,Banyuwangi,Kabupaten,2024,85.77,102,6
183,35,Jawa Timur,3511,Bondowoso,Kabupaten,2024,78.44,276,6
184,35,Jawa Timur,3512,Situbondo,Kabupaten,2024,80.22,229,6
185,35,Jawa Timur,3513,Probolinggo ka,Kabupaten,2024,74.22,348,5
186,35,Jawa Timur,3514,Pasuruan ka,Kabupaten,2024,80.31,225,6
187,35,Jawa Timur,3515,Sidoarjo,Kabupaten,2024,84.49,133,6
188,35,Jawa Timur,3516,Mojokerto ka,Kabupaten,2024,87.32,71,6
189,35,Jawa Timur,3517,Jombang,Kabupaten,2024,86.43,90,6
190,35,Jawa Timur,3518,Nganjuk,Kabupaten,2024,84.88,123,6
191,35,Jawa Timur,3519,Madiun ka,Kabupaten,2024,86.22,92,6
192,35,Jawa Timur,3520,Magetan,Kabupaten,2024,87.98,52,6
193,35,Jawa Timur,3521,Ngawi,Kabupaten,2024,87.53,63,6
194,35,Jawa Timur,3522,Bojonegoro,Kabupaten,2024,87.63,61,6
195,35,Jawa Timur,3523,Tuban,Kabupaten,2024,85.85,99,6
196,35,Jawa Timur,3524,Lamongan,Kabupaten,2024,90.30,24,6
197,35,Jawa Timur,3525,Gresik,Kabupaten,2024,90.90,20,6
198,35,Jawa Timur,3526,Bangkalan,Kabupaten,2024,76.02,321,6
199,35,Jawa Timur,3527,Sampang,Kabupaten,2024,78.97,260,6
200,35,Jawa Timur,3528,Pamekasan,Kabupaten,2024,79.08,256,6
201,35,Jawa Timur,3529,Sumenep,Kabupaten,2024,79.77,241,6
202,36,Banten,3601,Pandeglang,Kabupaten,2024,75.63,329,5
203,36,Banten,3602,Lebak,Kabupaten,2024,72.76,368,5
204,36,Banten,3603,Tangerang Ka,Kabupaten,2024,77.60,290,6
205,36,Banten,3604,Serang Ka,Kabupaten,2024,81.39,196,6
206,51,Bali,5101,Jembrana,Kabupaten,2024,87.64,60,6
207,51,Bali,5102,Tabanan,Kabupaten,2024,92.51,9,6
208,51,Bali,5103,Badung,Kabupaten,2024,92.90,5,6
209,51,Bali,5104,Gianyar,Kabupaten,2024,92.77,7,6
210,51,Bali,5105,Klungkung,Kabupaten,2024,87.47,67,6
211,51,Bali,5106,Bangli,Kabupaten,2024,77.19,297,6
212,51,Bali,5107,Karangasem,Kabupaten,2024,83.97,142,6
213,51,Bali,5108,Buleleng,Kabupaten,2024,83.26,155,6
214,52,Nusa Tenggara Barat,5201,Lombok Barat,Kabupaten,2024,75.74,327,6
215,52,Nusa Tenggara Barat,5202,Lombok Tengah,Kabupaten,2024,79.50,249,6
216,52,Nusa Tenggara Barat,5203,Lombok Timur,Kabupaten,2024,73.32,360,5
217,52,Nusa Tenggara Barat,5204,Sumbawa,Kabupaten,2024,85.82,100,6
218,52,Nusa Tenggara Barat,5205,Dompu,Kabupaten,2024,81.24,199,6
219,52,Nusa Tenggara Barat,5206,Bima ka,Kabupaten,2024,78.26,282,6
220,52,Nusa Tenggara Barat,5207,Sumbawa Barat,Kabupaten,2024,86.47,88,6
221,52,Nusa Tenggara Barat,5208,Lombok Utara,Kabupaten,2024,68.39,406,5
222,53,Nusa Tenggara Timur,5312,Sumba Barat,Kabupaten,2024,71.31,385,5
223,53,Nusa Tenggara Timur,5311,Sumba Timur,Kabupaten,2024,70.98,389,5
224,53,Nusa Tenggara Timur,5301,Kupang ka,Kabupaten,2024,70.45,393,5
225,53,Nusa Tenggara Timur,5302,Timor Tengah Selatan,Kabupaten,2024,67.02,412,4
226,53,Nusa Tenggara Timur,5303,Timor Tengah Utara,Kabupaten,2024,73.61,358,5
227,53,Nusa Tenggara Timur,5304,Belu,Kabupaten,2024,71.21,387,5
228,53,Nusa Tenggara Timur,5305,Alor,Kabupaten,2024,63.81,428,4
229,53,Nusa Tenggara Timur,5313,Lembata,Kabupaten,2024,70.11,395,5
230,53,Nusa Tenggara Timur,5306,Flores Timur,Kabupaten,2024,68.61,404,5
231,53,Nusa Tenggara Timur,5307,Sikka,Kabupaten,2024,77.22,295,6
232,53,Nusa Tenggara Timur,5308,Ende,Kabupaten,2024,72.93,366,5
233,53,Nusa Tenggara Timur,5309,Ngada,Kabupaten,2024,82.72,169,6
234,53,Nusa Tenggara Timur,5310,Manggarai,Kabupaten,2024,75.69,328,6
235,53,Nusa Tenggara Timur,5314,Rote Ndao,Kabupaten,2024,71.27,386,5
236,53,Nusa Tenggara Timur,5315,Manggarai Barat,Kabupaten,2024,78.00,286,6
237,53,Nusa Tenggara Timur,5317,Sumba Tengah,Kabupaten,2024,65.96,419,4
238,53,Nusa Tenggara Timur,5318,Sumba Barat Daya,Kabupaten,2024,62.53,432,4
239,53,Nusa Tenggara Timur,5316,Nagekeo,Kabupaten,2024,75.20,336,5
240,53,Nusa Tenggara Timur,5319,Manggarai Timur,Kabupaten,2024,66.92,414,4
241,53,Nusa Tenggara Timur,5320,Sabu Raijua,Kabupaten,2024,56.66,460,3
242,53,Nusa Tenggara Timur,5321,Malaka,Kabupaten,2024,71.78,380,5
243,61,Kalimantan Barat,6101,Sambas,Kabupaten,2024,70.83,390,5
244,61,Kalimantan Barat,6107,Bengkayang,Kabupaten,2024,81.24,200,6
245,61,Kalimantan Barat,6108,Landak,Kabupaten,2024,76.96,304,6
246,61,Kalimantan Barat,6102,Mempawah,Kabupaten,2024,73.85,351,5
247,61,Kalimantan Barat,6103,Sanggau,Kabupaten,2024,78.51,273,6
248,61,Kalimantan Barat,6104,Ketapang,Kabupaten,2024,77.17,298,6
249,61,Kalimantan Barat,6105,Sintang,Kabupaten,2024,76.17,320,6
250,61,Kalimantan Barat,6106,Kapuas Hulu,Kabupaten,2024,74.43,345,5
251,61,Kalimantan Barat,6109,Sekadau,Kabupaten,2024,73.84,352,5
252,61,Kalimantan Barat,6110,Melawi,Kabupaten,2024,59.56,452,3
253,61,Kalimantan Barat,6111,Kayong Utara,Kabupaten,2024,76.53,315,6
254,61,Kalimantan Barat,6112,Kubu Raya,Kabupaten,2024,68.90,402,5
255,62,Kalimantan Tengah,6201,Kotawaringin Barat,Kabupaten,2024,62.27,435,4
256,62,Kalimantan Tengah,6202,Kotawaringin Timur,Kabupaten,2024,73.03,364,5
257,62,Kalimantan Tengah,6203,Kapuas,Kabupaten,2024,82.66,171,6
258,62,Kalimantan Tengah,6204,Barito Selatan,Kabupaten,2024,67.09,410,4
259,62,Kalimantan Tengah,6205,Barito Utara,Kabupaten,2024,81.65,190,6
260,62,Kalimantan Tengah,6208,Sukamara,Kabupaten,2024,61.78,438,4
261,62,Kalimantan Tengah,6209,Lamandau,Kabupaten,2024,59.34,453,3
262,62,Kalimantan Tengah,6207,Seruyan,Kabupaten,2024,65.03,426,4
263,62,Kalimantan Tengah,6206,Katingan,Kabupaten,2024,77.99,287,6
264,62,Kalimantan Tengah,6211,Pulang Pisau,Kabupaten,2024,81.88,186,6
265,62,Kalimantan Tengah,6210,Gunung Mas,Kabupaten,2024,56.38,462,3
266,62,Kalimantan Tengah,6213,Barito Timur,Kabupaten,2024,81.16,205,6
267,62,Kalimantan Tengah,6212,Murung Raya,Kabupaten,2024,51.29,476,2
268,63,Kalimantan Selatan,6301,Tanah Laut,Kabupaten,2024,80.59,221,6
269,63,Kalimantan Selatan,6302,Kota Baru,Kabupaten,2024,75.34,333,5
270,63,Kalimantan Selatan,6303,Banjar,Kabupaten,2024,81.54,191,6
271,63,Kalimantan Selatan,6304,Barito Kuala,Kabupaten,2024,82.85,166,6
272,63,Kalimantan Selatan,6305,Tapin,Kabupaten,2024,88.58,46,6
273,63,Kalimantan Selatan,6306,Hulu Sungai Selatan,Kabupaten,2024,83.19,158,6
274,63,Kalimantan Selatan,6307,Hulu Sungai Tengah,Kabupaten,2024,81.30,198,6
275,63,Kalimantan Selatan,6308,Hulu Sungai Utara,Kabupaten,2024,81.20,203,6
276,63,Kalimantan Selatan,6309,Tabalong,Kabupaten,2024,85.94,95,6
277,63,Kalimantan Selatan,6310,Tanah Bumbu,Kabupaten,2024,83.15,160,6
278,63,Kalimantan Selatan,6311,Balangan,Kabupaten,2024,82.70,170,6
279,64,Kalimantan Timur,6401,Paser,Kabupaten,2024,80.04,238,6
280,64,Kalimantan Timur,6407,Kutai Barat,Kabupaten,2024,60.87,442,4
281,64,Kalimantan Timur,6402,Kutai Kertanegara,Kabupaten,2024,87.17,74,6
282,64,Kalimantan Timur,6408,Kutai Timur,Kabupaten,2024,61.64,439,4
283,64,Kalimantan Timur,6403,Berau,Kabupaten,2024,81.91,185,6
284,64,Kalimantan Timur,6409,Penajam Paser Utara,Kabupaten,2024,88.11,51,6
285,64,Kalimantan Timur,6411,Mahakam Ulu,Kabupaten,2024,56.53,461,3
286,65,Kalimantan Utara,6502,Malinau,Kabupaten,2024,74.67,343,5
287,65,Kalimantan Utara,6501,Bulungan,Kabupaten,2024,76.61,312,6
288,65,Kalimantan Utara,6504,Tana Tidung,Kabupaten,2024,61.25,441,4
289,65,Kalimantan Utara,6503,Nunukan,Kabupaten,2024,78.80,266,6
290,71,Sulawesi Utara,7101,Bolaang Mongondow,Kabupaten,2024,84.02,141,6
291,71,Sulawesi Utara,7102,Minahasa,Kabupaten,2024,79.61,245,6
292,71,Sulawesi Utara,7103,Kepulauan Sangihe,Kabupaten,2024,60.47,446,4
293,71,Sulawesi Utara,7104,Kepulauan Talaud,Kabupaten,2024,79.36,254,6
294,71,Sulawesi Utara,7105,Minahasa Selatan,Kabupaten,2024,72.82,367,5
295,71,Sulawesi Utara,7106,Minahasa Utara,Kabupaten,2024,78.79,269,6
296,71,Sulawesi Utara,7108,Bolaang Mongondow Utara,Kabupaten,2024,80.12,235,6
297,71,Sulawesi Utara,7109,Siau Tagulandang Biaro,Kabupaten,2024,53.11,469,3
298,71,Sulawesi Utara,7107,Minahasa Tenggara,Kabupaten,2024,75.82,324,6
299,71,Sulawesi Utara,7111,Bolaang Mongondow Selatan,Kabupaten,2024,71.81,379,5
300,71,Sulawesi Utara,7110,Bolaang Mongondow Timur,Kabupaten,2024,75.22,335,5
301,72,Sulawesi Tengah,7207,Banggai Kepulauan,Kabupaten,2024,66.50,416,4
302,72,Sulawesi Tengah,7201,Banggai,Kabupaten,2024,85.14,118,6
303,72,Sulawesi Tengah,7206,Morowali,Kabupaten,2024,81.44,193,6
304,72,Sulawesi Tengah,7202,Poso,Kabupaten,2024,84.60,131,6
305,72,Sulawesi Tengah,7203,Donggala,Kabupaten,2024,73.97,350,5
306,72,Sulawesi Tengah,7204,Toli-Toli,Kabupaten,2024,79.39,253,6
307,72,Sulawesi Tengah,7205,Buol,Kabupaten,2024,79.97,239,6
308,72,Sulawesi Tengah,7208,Parigi Moutong,Kabupaten,2024,78.91,264,6
309,72,Sulawesi Tengah,7209,Tojo Una-Una,Kabupaten,2024,73.78,357,5
310,72,Sulawesi Tengah,7210,Sigi,Kabupaten,2024,80.06,237,6
311,72,Sulawesi Tengah,7211,Banggai Laut,Kabupaten,2024,51.91,474,3
312,72,Sulawesi Tengah,7212,Morowali Utara,Kabupaten,2024,81.21,201,6
313,73,Sulawesi Selatan,7301,Kepulauan Selayar,Kabupaten,2024,72.03,374,5
314,73,Sulawesi Selatan,7302,Bulukumba,Kabupaten,2024,83.73,148,6
315,73,Sulawesi Selatan,7303,Bantaeng,Kabupaten,2024,86.59,85,6
316,73,Sulawesi Selatan,7304,Jeneponto,Kabupaten,2024,81.67,189,6
317,73,Sulawesi Selatan,7305,Takalar,Kabupaten,2024,84.63,130,6
318,73,Sulawesi Selatan,7306,Gowa,Kabupaten,2024,87.53,64,6
319,73,Sulawesi Selatan,7307,Sinjai,Kabupaten,2024,82.31,178,6
320,73,Sulawesi Selatan,7309,Maros,Kabupaten,2024,83.73,149,6
321,73,Sulawesi Selatan,7310,Pangkajene dan Kepulauan,Kabupaten,2024,81.00,210,6
322,73,Sulawesi Selatan,7311,Barru,Kabupaten,2024,86.67,83,6
323,73,Sulawesi Selatan,7308,Bone,Kabupaten,2024,85.66,106,6
324,73,Sulawesi Selatan,7312,Soppeng,Kabupaten,2024,87.90,56,6
325,73,Sulawesi Selatan,7313,Wajo,Kabupaten,2024,86.65,84,6
326,73,Sulawesi Selatan,7314,Sidenreng Rappang,Kabupaten,2024,87.92,55,6
327,73,Sulawesi Selatan,7315,Pinrang,Kabupaten,2024,86.94,78,6
328,73,Sulawesi Selatan,7316,Enrekang,Kabupaten,2024,80.31,226,6
329,73,Sulawesi Selatan,7317,Luwu,Kabupaten,2024,82.23,180,6
330,73,Sulawesi Selatan,7318,Tana Toraja,Kabupaten,2024,76.88,305,6
331,73,Sulawesi Selatan,7322,Luwu Utara,Kabupaten,2024,85.66,105,6
332,73,Sulawesi Selatan,7324,Luwu Timur,Kabupaten,2024,87.73,57,6
333,73,Sulawesi Selatan,7326,Toraja Utara,Kabupaten,2024,80.25,228,6
334,74,Sulawesi Tenggara,7404,Buton,Kabupaten,2024,72.59,370,5
335,74,Sulawesi Tenggara,7403,Muna,Kabupaten,2024,71.93,376,5
336,74,Sulawesi Tenggara,7402,Konawe,Kabupaten,2024,85.89,97,6
337,74,Sulawesi Tenggara,7401,Kolaka,Kabupaten,2024,83.69,151,6
338,74,Sulawesi Tenggara,7405,Konawe Selatan,Kabupaten,2024,84.41,135,6
339,74,Sulawesi Tenggara,7406,Bombana,Kabupaten,2024,85.33,115,6
340,74,Sulawesi Tenggara,7407,Wakatobi,Kabupaten,2024,62.54,431,4
341,74,Sulawesi Tenggara,7408,Kolaka Utara,Kabupaten,2024,70.26,394,5
342,74,Sulawesi Tenggara,7410,Buton Utara,Kabupaten,2024,81.40,195,6
343,74,Sulawesi Tenggara,7409,Konawe Utara,Kabupaten,2024,79.71,242,6
344,74,Sulawesi Tenggara,7411,Kolaka Timur,Kabupaten,2024,85.54,112,6
345,74,Sulawesi Tenggara,7412,Konawe Kepulauan,Kabupaten,2024,54.01,466,3
346,74,Sulawesi Tenggara,7413,Muna Barat,Kabupaten,2024,79.06,257,6
347,74,Sulawesi Tenggara,7414,Buton Tengah,Kabupaten,2024,67.07,411,4
348,74,Sulawesi Tenggara,7415,Buton Selatan,Kabupaten,2024,70.01,396,5
349,75,Gorontalo,7502,Boalemo,Kabupaten,2024,81.91,184,6
350,75,Gorontalo,7501,Gorontalo Ka,Kabupaten,2024,79.50,250,6
351,75,Gorontalo,7504,Pohuwato,Kabupaten,2024,81.71,188,6
352,75,Gorontalo,7503,Bone Bolango,Kabupaten,2024,80.32,224,6
353,75,Gorontalo,7505,Gorontalo Utara,Kabupaten,2024,78.88,265,6
354,76,Sulawesi Barat,7605,Majene,Kabupaten,2024,65.80,422,4
355,76,Sulawesi Barat,7604,Polewali Mandar,Kabupaten,2024,75.87,323,6
356,76,Sulawesi Barat,7603,Mamasa,Kabupaten,2024,73.19,361,5
357,76,Sulawesi Barat,7602,Mamuju,Kabupaten,2024,81.47,192,6
358,76,Sulawesi Barat,7601,Mamuju Utara,Kabupaten,2024,57.34,459,3
359,76,Sulawesi Barat,7606,Mamuju Tengah,Kabupaten,2024,78.29,279,6
360,81,Maluku,8103,Kepulauan Tanimbar,Kabupaten,2024,49.94,478,2
361,81,Maluku,8102,Maluku Tenggara,Kabupaten,2024,49.43,479,2
362,81,Maluku,8101,Maluku Tengah,Kabupaten,2024,71.92,377,5
363,81,Maluku,8104,Buru,Kabupaten,2024,80.21,230,6
364,81,Maluku,8107,Kepulauan Aru,Kabupaten,2024,43.15,491,2
365,81,Maluku,8106,Seram Bagian Barat,Kabupaten,2024,61.29,440,4
366,81,Maluku,8105,Seram Bagian Timur,Kabupaten,2024,70.57,391,5
367,81,Maluku,8108,Maluku Barat Daya,Kabupaten,2024,65.95,420,4
368,81,Maluku,8109,Buru Selatan,Kabupaten,2024,53.32,468,3
369,82,Maluku Utara,8201,Halmahera Barat,Kabupaten,2024,53.07,470,3
370,82,Maluku Utara,8202,Halmahera Tengah,Kabupaten,2024,52.96,472,3
371,82,Maluku Utara,8205,Kepulauan Sula,Kabupaten,2024,51.76,475,3
372,82,Maluku Utara,8204,Halmahera Selatan,Kabupaten,2024,52.69,473,3
373,82,Maluku Utara,8203,Halmahera Utara,Kabupaten,2024,62.34,434,4
374,82,Maluku Utara,8206,Halmahera Timur,Kabupaten,2024,79.63,244,6
375,82,Maluku Utara,8207,Pulau Morotai,Kabupaten,2024,60.71,443,4
376,82,Maluku Utara,8208,Pulau Taliabu,Kabupaten,2024,48.28,481,2
377,92,Papua Barat,9203,Fak-Fak,Kabupaten,2024,48.20,482,2
378,92,Papua Barat,9208,Kaimana,Kabupaten,2024,48.19,483,2
379,92,Papua Barat,9207,Teluk Wondama,Kabupaten,2024,36.76,497,1
380,92,Papua Barat,9206,Teluk Bintuni,Kabupaten,2024,43.12,492,2
381,92,Papua Barat,9202,Manokwari,Kabupaten,2024,71.81,378,5
382,92,Papua Barat,9204,Sorong Selatan,Kabupaten,2024,40.39,495,1
383,92,Papua Barat,9201,Sorong ka,Kabupaten,2024,50.88,477,2
384,92,Papua Barat,9205,Raja Ampat,Kabupaten,2024,54.42,464,3
385,92,Papua Barat,9209,Tambrauw,Kabupaten,2024,45.92,489,2
386,92,Papua Barat,9210,Maybrat,Kabupaten,2024,41.27,493,1
387,92,Papua Barat,9211,Manokwari Selatan,Kabupaten,2024,74.91,340,5
388,92,Papua Barat,9212,Pegunungan Arfak,Kabupaten,2024,35.53,498,1
389,91,Papua,9301,Merauke,Kabupaten,2024,84.07,140,6
390,91,Papua,9501,Jayawijaya,Kabupaten,2024,30.40,502,1
391,91,Papua,9103,Jayapura ka,Kabupaten,2024,66.89,415,4
392,91,Papua,9401,Nabire,Kabupaten,2024,66.97,413,4
393,91,Papua,9105,Kepulauan Yapen,Kabupaten,2024,46.80,486,2
394,91,Papua,9106,Biak Numfor,Kabupaten,2024,49.23,480,2
395,91,Papua,9403,Paniai,Kabupaten,2024,22.27,509,1
396,91,Papua,9402,Puncak Jaya,Kabupaten,2024,24.19,506,1
397,91,Papua,9404,Mimika,Kabupaten,2024,83.64,152,6
398,91,Papua,9302,Boven Digoel,Kabupaten,2024,43.19,490,2
399,91,Papua,9303,Mappi,Kabupaten,2024,35.44,499,1
400,91,Papua,9304,Asmat,Kabupaten,2024,45.99,488,2
401,91,Papua,9503,Yahukimo,Kabupaten,2024,25.62,504,1
402,91,Papua,9502,Pegunungan Bintang,Kabupaten,2024,25.07,505,1
403,91,Papua,9504,Tolikara,Kabupaten,2024,22.83,508,1
404,91,Papua,9110,Sarmi,Kabupaten,2024,63.07,429,4
405,91,Papua,9111,Keerom,Kabupaten,2024,54.21,465,3
406,91,Papua,9115,Waropen,Kabupaten,2024,47.38,484,2
407,91,Papua,9119,Supiori,Kabupaten,2024,32.69,500,1
408,91,Papua,9120,Mamberamo Raya,Kabupaten,2024,23.09,507,1
409,91,Papua,9508,Nduga,Kabupaten,2024,17.10,513,1
410,91,Papua,9507,Lanny Jaya,Kabupaten,2024,21.33,512,1
411,91,Papua,9505,Mamberamo Tengah,Kabupaten,2024,21.51,510,1
412,91,Papua,9506,Yalimo,Kabupaten,2024,37.80,496,1
413,91,Papua,9405,Puncak,Kabupaten,2024,30.12,503,1
414,91,Papua,9406,Dogiyai,Kabupaten,2024,31.37,501,1
415,91,Papua,9407,Intan Jaya,Kabupaten,2024,14.14,514,1
416,91,Papua,9408,Deiyai,Kabupaten,2024,21.35,511,1
417,11,Aceh,1171,Kota Banda Aceh,Kota,2024,87.96,53,6
418,11,Aceh,1172,Kota Sabang,Kota,2024,73.80,355,6
419,11,Aceh,1174,Kota Langsa,Kota,2024,78.05,284,6
420,11,Aceh,1173,Kota Lhokseumawe,Kota,2024,83.03,162,6
421,11,Aceh,1175,Kota Subulussalam,Kota,2024,41.12,494,2
422,12,Sumatera Utara,1273,Kota Sibolga,Kota,2024,81.03,209,6
423,12,Sumatera Utara,1274,Kota Tanjung Balai,Kota,2024,74.59,344,6
424,12,Sumatera Utara,1272,Kota Pematang Siantar,Kota,2024,89.82,26,6
425,12,Sumatera Utara,1276,Kota Tebing Tinggi,Kota,2024,77.31,293,6
426,12,Sumatera Utara,1271,Kota Medan,Kota,2024,90.25,25,6
427,12,Sumatera Utara,1275,Kota Binjai,Kota,2024,88.22,49,6
428,12,Sumatera Utara,1277,Kota Padangsidimpuan,Kota,2024,71.32,384,6
429,12,Sumatera Utara,1278,Kota Gunungsitoli,Kota,2024,66.12,417,5
430,13,Sumatera Barat,1371,Kota Padang,Kota,2024,89.63,31,6
431,13,Sumatera Barat,1372,Kota Solok ko,Kota,2024,92.90,4,6
432,13,Sumatera Barat,1373,Kota Sawah Lunto,Kota,2024,83.45,154,6
433,13,Sumatera Barat,1374,Kota Padang Panjang,Kota,2024,87.05,76,6
434,13,Sumatera Barat,1375,Kota Bukittinggi,Kota,2024,92.86,6,6
435,13,Sumatera Barat,1376,Kota Payakumbuh,Kota,2024,89.33,34,6
436,13,Sumatera Barat,1377,Kota Pariaman,Kota,2024,84.08,139,6
437,14,Riau,1471,Kota Pekanbaru,Kota,2024,92.20,11,6
438,14,Riau,1472,Kota Dumai,Kota,2024,76.30,318,6
439,15,Jambi,1571,Kota Jambi,Kota,2024,85.88,98,6
440,15,Jambi,1572,Kota Sungai Penuh,Kota,2024,87.06,75,6
441,16,Sumatera Selatan,1671,Kota Palembang,Kota,2024,83.62,153,6
442,16,Sumatera Selatan,1674,Kota Prabumulih,Kota,2024,68.11,408,5
443,16,Sumatera Selatan,1672,Kota Pagar Alam,Kota,2024,57.79,458,4
444,16,Sumatera Selatan,1673,Kota Lubuklinggau,Kota,2024,66.10,418,5
445,17,Bengkulu,1771,Kota Bengkulu,Kota,2024,78.72,270,6
446,18,Lampung,1871,Kota Bandar Lampung,Kota,2024,84.64,129,6
447,18,Lampung,1872,Kota Metro,Kota,2024,85.78,101,6
448,19,Kepulauan Bangka Belitung,1971,Kota Pangkal Pinang,Kota,2024,87.27,73,6
449,21,Kepulauan Riau,2171,Kota Batam,Kota,2024,88.83,39,6
450,21,Kepulauan Riau,2172,Kota Tanjung Pinang,Kota,2024,83.22,156,6
451,31,DKI Jakarta,3174,Kota Jakarta Selatan,Kota,2024,90.52,22,6
452,31,DKI Jakarta,3175,Kota Jakarta Timur,Kota,2024,91.81,12,6
453,31,DKI Jakarta,3171,Kota Jakarta Pusat,Kota,2024,91.63,13,6
454,31,DKI Jakarta,3173,Kota Jakarta Barat,Kota,2024,91.35,17,6
455,31,DKI Jakarta,3172,Kota Jakarta Utara,Kota,2024,87.42,68,6
456,32,Jawa Barat,3271,Kota Bogor Ko,Kota,2024,85.53,113,6
457,32,Jawa Barat,3272,Kota Sukabumi ko,Kota,2024,80.90,212,6
458,32,Jawa Barat,3273,Kota Bandung Ko,Kota,2024,91.55,14,6
459,32,Jawa Barat,3274,Kota Cirebon Ko,Kota,2024,83.78,145,6
460,32,Jawa Barat,3275,Kota Bekasi Ko,Kota,2024,93.90,2,6
461,32,Jawa Barat,3276,Kota Depok,Kota,2024,89.81,27,6
462,32,Jawa Barat,3277,Kota Cimahi,Kota,2024,88.68,44,6
463,32,Jawa Barat,3278,Kota Tasikmalaya ko,Kota,2024,74.37,346,6
464,32,Jawa Barat,3279,Kota Banjar,Kota,2024,78.92,262,6
465,33,Jawa Tengah,3371,Kota Magelang ko,Kota,2024,91.41,15,6
466,33,Jawa Tengah,3372,Kota Surakarta,Kota,2024,87.67,59,6
467,33,Jawa Tengah,3373,Kota Salatiga,Kota,2024,91.35,16,6
468,33,Jawa Tengah,3374,Kota Semarang ko,Kota,2024,92.74,8,6
469,33,Jawa Tengah,3375,Kota Pekalongan ko,Kota,2024,78.27,280,6
470,33,Jawa Tengah,3376,Kota Tegal ko,Kota,2024,85.73,103,6
471,34,DI Yogyakarta,3471,Kota Yogyakarta,Kota,2024,84.21,137,6
472,35,Jawa Timur,3571,Kota Kediri ko,Kota,2024,76.67,310,6
473,35,Jawa Timur,3572,Kota Blitar ko,Kota,2024,80.80,215,6
474,35,Jawa Timur,3573,Kota Malang kota,Kota,2024,88.76,42,6
475,35,Jawa Timur,3574,Kota Probolinggo ko,Kota,2024,78.62,271,6
476,35,Jawa Timur,3575,Kota Pasuruan ko,Kota,2024,84.16,138,6
477,35,Jawa Timur,3576,Kota Mojokerto ko,Kota,2024,89.30,35,6
478,35,Jawa Timur,3577,Kota Madiun ko,Kota,2024,92.29,10,6
479,35,Jawa Timur,3578,Kota Surabaya,Kota,2024,93.06,3,6
480,35,Jawa Timur,3579,Kota Batu,Kota,2024,81.31,197,6
481,36,Banten,3671,Kota Tangerang Ko,Kota,2024,85.92,96,6
482,36,Banten,3672,Kota Cilegon,Kota,2024,80.12,236,6
483,36,Banten,3673,Kota Serang Ko,Kota,2024,71.95,375,6
484,36,Banten,3674,Kota Tangerang Selatan,Kota,2024,88.67,45,6
485,51,Bali,5171,Kota Denpasar,Kota,2024,96.37,1,6
486,52,Nusa Tenggara Barat,5271,Kota Mataram,Kota,2024,80.15,234,6
487,52,Nusa Tenggara Barat,5272,Kota Bima ko,Kota,2024,75.53,331,6
488,53,Nusa Tenggara Timur,5371,Kota Kupang ko,Kota,2024,75.94,322,6
489,61,Kalimantan Barat,6171,Kota Pontianak ko,Kota,2024,72.55,371,6
490,61,Kalimantan Barat,6172,Kota Singkawang,Kota,2024,68.27,407,5
491,62,Kalimantan Tengah,6271,Kota Palangka Raya,Kota,2024,80.69,217,6
492,63,Kalimantan Selatan,6371,Kota Banjarmasin,Kota,2024,85.62,109,6
493,63,Kalimantan Selatan,6372,Kota Banjar Baru,Kota,2024,86.34,91,6
494,64,Kalimantan Timur,6471,Kota Balikpapan,Kota,2024,91.23,18,6
495,64,Kalimantan Timur,6472,Kota Samarinda,Kota,2024,89.68,28,6
496,64,Kalimantan Timur,6474,Kota Bontang,Kota,2024,88.89,38,6
497,65,Kalimantan Utara,6571,Kota Tarakan,Kota,2024,87.53,65,6
498,71,Sulawesi Utara,7171,Kota Manado,Kota,2024,87.56,62,6
499,71,Sulawesi Utara,7172,Kota Bitung,Kota,2024,82.00,183,6
500,71,Sulawesi Utara,7173,Kota Tomohon,Kota,2024,83.92,143,6
501,71,Sulawesi Utara,7174,Kota Kotamobagu,Kota,2024,80.21,231,6
502,72,Sulawesi Tengah,7271,Kota Palu,Kota,2024,82.43,176,6
503,73,Sulawesi Selatan,7371,Kota Makassar,Kota,2024,87.95,54,6
504,73,Sulawesi Selatan,7372,Kota Pare-Pare,Kota,2024,82.76,168,6
505,73,Sulawesi Selatan,7373,Kota Palopo,Kota,2024,83.05,161,6
506,74,Sulawesi Tenggara,7471,Kota Kendari,Kota,2024,89.67,30,6
507,74,Sulawesi Tenggara,7472,Kota Bau-Bau,Kota,2024,80.49,222,6
508,75,Gorontalo,7571,Kota Gorontalo Ko,Kota,2024,86.50,87,6
509,81,Maluku,8171,Kota Ambon,Kota,2024,84.56,132,6
510,81,Maluku,8172,Kota Tual,Kota,2024,59.11,454,4
511,82,Maluku Utara,8271,Kota Ternate,Kota,2024,88.24,48,6
512,82,Maluku Utara,8272,Kota Tidore Kepulauan,Kota,2024,64.68,427,5
513,91,Papua Barat,9271,Kota Sorong ko,Kota,2024,76.32,317,6
514,94,Papua,9171,Kota Jayapura ko,Kota,2024,78.35,278,6
